Url,Email,Social link
https://www.thaifoodnearmenyc.com,info@thaifoodnearmenyc.com,
http://www.suteishi.com/,katie@suteishi.com,
http://www.soogil.com,all@mstcreativepr.com,info.soogil@gmai.com,info.soogil@gmail.com,
http://www.jojuny.com,INFO@JOJUNY.COM,
https://tipsy-shanghai.com,franciscohui112@gmail.com,
http://www.sobaya-nyc.com,info@sobaya-nyc.com,hi@mystore.com,
http://www.danjinyc.com,info@danjinyc.com,
https://www.eatlittlekirin.com,littlekirin@eatlittlekirin.com,
http://www.thaimarketny.net,thaimarketny@gmail.com,
http://Monsieurvonyc.com,hello@monsieurvonyc.com,
http://handynasty.net/uws/,uws@handynasty.net,
http://www.oijimi.com,info@oijimi.com,
http://www.chaanteahouse.com,info@chaanteahouse.com,classes@chaanteahouse.com,
http://noonanoodles.com,noonanoodles18@gmail.com,
https://lautsingapura.com,hello@lautsingapura.com,
http://silkykitchen.com,hello@silkykitchen.com,
